Country,Year,LE
Afghanistan,1950,27.7
Afghanistan,1951,28.0
Afghanistan,1952,28.4
Afghanistan,1953,28.9
Afghanistan,1954,29.2
Afghanistan,1955,29.9
Afghanistan,1956,30.4
Afghanistan,1957,30.9
Afghanistan,1958,31.5
Afghanistan,1959,32.0
Afghanistan,1960,32.5
Afghanistan,1961,33.1
Afghanistan,1962,33.5
Afghanistan,1963,34.0
Afghanistan,1964,34.5
Afghanistan,1965,35.0
Afghanistan,1966,35.5
Afghanistan,1967,35.9
Afghanistan,1968,36.4
Afghanistan,1969,36.9
Afghanistan,1970,37.4
Afghanistan,1971,37.9
Afghanistan,1972,38.4
Afghanistan,1973,39.0
Afghanistan,1974,39.5
Afghanistan,1975,40.1
Afghanistan,1976,40.6
Afghanistan,1977,41.2
Afghanistan,1978,40.3
Afghanistan,1979,39.1
Afghanistan,1980,39.6
Afghanistan,1981,40.2
Afghanistan,1982,37.8
Afghanistan,1983,38.2
Afghanistan,1984,33.3
Afghanistan,1985,33.6
Afghanistan,1986,39.4
Afghanistan,1987,39.8
Afghanistan,1988,44.0
Afghanistan,1989,45.2
Afghanistan,1990,46.0
Afghanistan,1991,46.7
Afghanistan,1992,47.6
Afghanistan,1993,51.5
Afghanistan,1994,51.5
Afghanistan,1995,52.5
Afghanistan,1996,53.2
Afghanistan,1997,53.6
Afghanistan,1998,52.9
Afghanistan,1999,54.8
Afghanistan,2000,55.3
Afghanistan,2001,55.8
Afghanistan,2002,56.5
Afghanistan,2003,57.3
Afghanistan,2004,57.9
Afghanistan,2005,58.4
Afghanistan,2006,58.7
Afghanistan,2007,59.1
Afghanistan,2008,59.9
Afghanistan,2009,60.4
Afghanistan,2010,60.9
Afghanistan,2011,61.4
Afghanistan,2012,61.9
Afghanistan,2013,62.4
Afghanistan,2014,62.5
Afghanistan,2015,62.7
Afghanistan,2016,63.1
Afghanistan,2017,63.0
Afghanistan,2018,63.1
Afghanistan,2019,63.6
Afghanistan,2020,62.6
Afghanistan,2021,62.0
Angola,1950,36.3
Angola,1951,36.4
Angola,1952,36.5
Angola,1953,36.7
Angola,1954,36.9
Angola,1955,37.1
Angola,1956,37.3
Angola,1957,37.5
Angola,1958,37.7
Angola,1959,38.0
Angola,1960,38.2
Angola,1961,37.3
Angola,1962,37.5
Angola,1963,37.8
Angola,1964,38.1
Angola,1965,38.5
Angola,1966,38.8
Angola,1967,39.1
Angola,1968,39.5
Angola,1969,39.8
Angola,1970,40.2
Angola,1971,40.6
Angola,1972,40.9
Angola,1973,41.3
Angola,1974,41.7
Angola,1975,41.2
Angola,1976,41.2
Angola,1977,41.4
Angola,1978,41.8
Angola,1979,42.2
Angola,1980,42.4
Angola,1981,42.8
Angola,1982,43.1
Angola,1983,42.1
Angola,1984,42.4
Angola,1985,42.6
Angola,1986,42.8
Angola,1987,40.9
Angola,1988,41.5
Angola,1989,41.8
Angola,1990,41.9
Angola,1991,43.8
Angola,1992,42.2
Angola,1993,42.1
Angola,1994,43.4
Angola,1995,45.8
Angola,1996,46.0
Angola,1997,46.3
Angola,1998,45.1
Angola,1999,45.4
Angola,2000,46.0
Angola,2001,46.6
Angola,2002,47.4
Angola,2003,49.6
Angola,2004,50.6
Angola,2005,51.6
Angola,2006,52.4
Angola,2007,53.6
Angola,2008,54.6
Angola,2009,55.8
Angola,2010,56.7
Angola,2011,57.6
Angola,2012,58.6
Angola,2013,59.3
Angola,2014,60.0
Angola,2015,60.7
Angola,2016,61.1
Angola,2017,61.7
Angola,2018,62.1
Angola,2019,62.4
Angola,2020,62.3
Angola,2021,61.6
Benin,1950,35.0
Benin,1951,35.2
Benin,1952,35.5
Benin,1953,35.8
Benin,1954,36.1
Benin,1955,36.4
Benin,1956,36.8
Benin,1957,37.1
Benin,1958,37.5
Benin,1959,37.9
Benin,1960,38.2
Benin,1961,38.5
Benin,1962,38.9
Benin,1963,39.3
Benin,1964,39.8
Benin,1965,40.2
Benin,1966,40.6
Benin,1967,41.1
Benin,1968,41.5
Benin,1969,41.8
Benin,1970,42.2
Benin,1971,42.6
Benin,1972,43.2
Benin,1973,43.6
Benin,1974,44.1
Benin,1975,44.7
Benin,1976,45.5
Benin,1977,46.2
Benin,1978,47.0
Benin,1979,47.4
Benin,1980,47.9
Benin,1981,48.3
Benin,1982,48.8
Benin,1983,49.3
Benin,1984,49.7
Benin,1985,50.4
Benin,1986,51.1
Benin,1987,51.7
Benin,1988,52.3
Benin,1989,52.7
Benin,1990,53.3
Benin,1991,53.6
Benin,1992,54.1
Benin,1993,54.5
Benin,1994,54.9
Benin,1995,55.3
Benin,1996,55.6
Benin,1997,56.0
Benin,1998,56.2
Benin,1999,56.5
Benin,2000,56.6
Benin,2001,56.7
Benin,2002,56.6
Benin,2003,56.7
Benin,2004,56.8
Benin,2005,57.1
Benin,2006,57.5
Benin,2007,57.7
Benin,2008,57.9
Benin,2009,58.0
Benin,2010,58.4
Benin,2011,58.5
Benin,2012,58.7
Benin,2013,59.0
Benin,2014,59.1
Benin,2015,59.4
Benin,2016,59.5
Benin,2017,59.9
Benin,2018,60.1
Benin,2019,60.5
Benin,2020,60.1
Benin,2021,59.8
Bhutan,1950,30.1
Bhutan,1951,30.2
Bhutan,1952,30.5
Bhutan,1953,30.8
Bhutan,1954,31.1
Bhutan,1955,31.5
Bhutan,1956,31.8
Bhutan,1957,32.2
Bhutan,1958,32.6
Bhutan,1959,33.0
Bhutan,1960,33.5
Bhutan,1961,33.9
Bhutan,1962,34.5
Bhutan,1963,35.0
Bhutan,1964,35.6
Bhutan,1965,36.2
Bhutan,1966,36.9
Bhutan,1967,37.6
Bhutan,1968,38.3
Bhutan,1969,39.1
Bhutan,1970,40.0
Bhutan,1971,40.8
Bhutan,1972,41.6
Bhutan,1973,42.5
Bhutan,1974,43.3
Bhutan,1975,44.1
Bhutan,1976,44.9
Bhutan,1977,45.8
Bhutan,1978,46.6
Bhutan,1979,47.4
Bhutan,1980,48.2
Bhutan,1981,49.0
Bhutan,1982,49.9
Bhutan,1983,50.6
Bhutan,1984,51.4
Bhutan,1985,52.1
Bhutan,1986,52.9
Bhutan,1987,53.7
Bhutan,1988,54.5
Bhutan,1989,55.3
Bhutan,1990,56.0
Bhutan,1991,56.6
Bhutan,1992,57.4
Bhutan,1993,58.1
Bhutan,1994,58.6
Bhutan,1995,59.5
Bhutan,1996,60.2
Bhutan,1997,60.9
Bhutan,1998,61.5
Bhutan,1999,62.2
Bhutan,2000,62.0
Bhutan,2001,63.4
Bhutan,2002,64.1
Bhutan,2003,64.7
Bhutan,2004,65.3
Bhutan,2005,65.8
Bhutan,2006,66.4
Bhutan,2007,67.0
Bhutan,2008,67.5
Bhutan,2009,67.9
Bhutan,2010,68.4
Bhutan,2011,68.9
Bhutan,2012,69.3
Bhutan,2013,69.7
Bhutan,2014,70.0
Bhutan,2015,70.3
Bhutan,2016,70.6
Bhutan,2017,70.8
Bhutan,2018,71.1
Bhutan,2019,71.4
Bhutan,2020,71.6
Bhutan,2021,71.8
Burkina Faso,1950,33.1
Burkina Faso,1951,33.4
Burkina Faso,1952,33.6
Burkina Faso,1953,33.8
Burkina Faso,1954,34.1
Burkina Faso,1955,34.5
Burkina Faso,1956,34.7
Burkina Faso,1957,35.0
Burkina Faso,1958,35.3
Burkina Faso,1959,35.6
Burkina Faso,1960,35.9
Burkina Faso,1961,36.2
Burkina Faso,1962,36.7
Burkina Faso,1963,37.0
Burkina Faso,1964,37.3
Burkina Faso,1965,37.7
Burkina Faso,1966,37.9
Burkina Faso,1967,38.3
Burkina Faso,1968,38.5
Burkina Faso,1969,38.9
Burkina Faso,1970,39.2
Burkina Faso,1971,39.6
Burkina Faso,1972,40.1
Burkina Faso,1973,40.5
Burkina Faso,1974,41.4
Burkina Faso,1975,42.3
Burkina Faso,1976,43.2
Burkina Faso,1977,44.1
Burkina Faso,1978,45.1
Burkina Faso,1979,45.9
Burkina Faso,1980,46.5
Burkina Faso,1981,46.9
Burkina Faso,1982,47.6
Burkina Faso,1983,48.1
Burkina Faso,1984,48.6
Burkina Faso,1985,48.9
Burkina Faso,1986,49.0
Burkina Faso,1987,49.1
Burkina Faso,1988,49.1
Burkina Faso,1989,49.2
Burkina Faso,1990,49.4
Burkina Faso,1991,49.5
Burkina Faso,1992,49.4
Burkina Faso,1993,49.2
Burkina Faso,1994,49.3
Burkina Faso,1995,49.4
Burkina Faso,1996,49.6
Burkina Faso,1997,49.4
Burkina Faso,1998,50.0
Burkina Faso,1999,50.3
Burkina Faso,2000,50.8
Burkina Faso,2001,51.1
Burkina Faso,2002,51.3
Burkina Faso,2003,51.8
Burkina Faso,2004,52.4
Burkina Faso,2005,53.1
Burkina Faso,2006,53.7
Burkina Faso,2007,54.4
Burkina Faso,2008,55.3
Burkina Faso,2009,56.0
Burkina Faso,2010,56.5
Burkina Faso,2011,57.1
Burkina Faso,2012,57.6
Burkina Faso,2013,57.8
Burkina Faso,2014,58.4
Burkina Faso,2015,58.8
Burkina Faso,2016,59.3
Burkina Faso,2017,59.5
Burkina Faso,2018,60.0
Burkina Faso,2019,60.0
Burkina Faso,2020,59.7
Burkina Faso,2021,59.3
Burundi,1950,40.6
Burundi,1951,40.8
Burundi,1952,41.0
Burundi,1953,41.3
Burundi,1954,41.6
Burundi,1955,41.9
Burundi,1956,42.1
Burundi,1957,42.3
Burundi,1958,42.6
Burundi,1959,42.8
Burundi,1960,43.0
Burundi,1961,43.3
Burundi,1962,43.4
Burundi,1963,43.7
Burundi,1964,44.0
Burundi,1965,42.0
Burundi,1966,43.5
Burundi,1967,43.3
Burundi,1968,43.4
Burundi,1969,42.9
Burundi,1970,43.0
Burundi,1971,43.0
Burundi,1972,25.6
Burundi,1973,37.3
Burundi,1974,43.0
Burundi,1975,43.0
Burundi,1976,43.1
Burundi,1977,43.5
Burundi,1978,43.8
Burundi,1979,44.6
Burundi,1980,45.4
Burundi,1981,46.4
Burundi,1982,47.3
Burundi,1983,48.1
Burundi,1984,48.5
Burundi,1985,48.5
Burundi,1986,48.2
Burundi,1987,47.5
Burundi,1988,43.0
Burundi,1989,45.6
Burundi,1990,44.9
Burundi,1991,44.2
Burundi,1992,43.9
Burundi,1993,37.1
Burundi,1994,44.1
Burundi,1995,44.1
Burundi,1996,44.4
Burundi,1997,45.4
Burundi,1998,46.6
Burundi,1999,47.5
Burundi,2000,47.5
Burundi,2001,48.4
Burundi,2002,49.9
Burundi,2003,50.9
Burundi,2004,52.0
Burundi,2005,53.0
Burundi,2006,53.9
Burundi,2007,54.7
Burundi,2008,55.7
Burundi,2009,56.4
Burundi,2010,57.1
Burundi,2011,57.8
Burundi,2012,58.5
Burundi,2013,59.2
Burundi,2014,59.9
Burundi,2015,60.2
Burundi,2016,60.8
Burundi,2017,61.6
Burundi,2018,61.7
Burundi,2019,62.4
Burundi,2020,61.6
Burundi,2021,61.7
Cambodia,1950,38.9
Cambodia,1951,39.2
Cambodia,1952,39.5
Cambodia,1953,39.7
Cambodia,1954,40.2
Cambodia,1955,40.4
Cambodia,1956,40.8
Cambodia,1957,41.2
Cambodia,1958,41.5
Cambodia,1959,41.8
Cambodia,1960,42.4
Cambodia,1961,42.8
Cambodia,1962,43.3
Cambodia,1963,43.9
Cambodia,1964,44.4
Cambodia,1965,44.8
Cambodia,1966,45.4
Cambodia,1967,45.5
Cambodia,1968,45.8
Cambodia,1969,46.2
Cambodia,1970,39.1
Cambodia,1971,39.5
Cambodia,1972,40.2
Cambodia,1973,40.0
Cambodia,1974,39.8
Cambodia,1975,12.0
Cambodia,1976,12.0
Cambodia,1977,28.9
Cambodia,1978,37.0
Cambodia,1979,42.3
Cambodia,1980,47.6
Cambodia,1981,48.2
Cambodia,1982,48.7
Cambodia,1983,49.5
Cambodia,1984,50.2
Cambodia,1985,51.0
Cambodia,1986,51.5
Cambodia,1987,53.5
Cambodia,1988,54.3
Cambodia,1989,54.8
Cambodia,1990,55.4
Cambodia,1991,55.8
Cambodia,1992,56.0
Cambodia,1993,56.1
Cambodia,1994,56.0
Cambodia,1995,56.3
Cambodia,1996,56.3
Cambodia,1997,56.7
Cambodia,1998,57.0
Cambodia,1999,57.7
Cambodia,2000,58.6
Cambodia,2001,60.0
Cambodia,2002,61.2
Cambodia,2003,62.5
Cambodia,2004,63.6
Cambodia,2005,64.3
Cambodia,2006,65.1
Cambodia,2007,65.7
Cambodia,2008,66.5
Cambodia,2009,67.4
Cambodia,2010,67.7
Cambodia,2011,68.4
Cambodia,2012,68.9
Cambodia,2013,69.3
Cambodia,2014,69.7
Cambodia,2015,69.9
Cambodia,2016,70.2
Cambodia,2017,70.5
Cambodia,2018,70.6
Cambodia,2019,70.7
Cambodia,2020,70.4
Cambodia,2021,69.6
Cameroon,1950,34.5
Cameroon,1951,34.6
Cameroon,1952,35.0
Cameroon,1953,35.4
Cameroon,1954,36.4
Cameroon,1955,37.4
Cameroon,1956,38.3
Cameroon,1957,38.3
Cameroon,1958,39.1
Cameroon,1959,39.8
Cameroon,1960,34.8
Cameroon,1961,35.4
Cameroon,1962,42.5
Cameroon,1963,42.9
Cameroon,1964,43.3
Cameroon,1965,43.9
Cameroon,1966,44.4
Cameroon,1967,45.2
Cameroon,1968,46.0
Cameroon,1969,46.8
Cameroon,1970,47.6
Cameroon,1971,48.3
Cameroon,1972,48.9
Cameroon,1973,49.3
Cameroon,1974,49.6
Cameroon,1975,49.7
Cameroon,1976,49.9
Cameroon,1977,50.0
Cameroon,1978,50.3
Cameroon,1979,50.6
Cameroon,1980,51.0
Cameroon,1981,51.5
Cameroon,1982,52.1
Cameroon,1983,52.8
Cameroon,1984,53.2
Cameroon,1985,53.9
Cameroon,1986,54.0
Cameroon,1987,54.7
Cameroon,1988,54.9
Cameroon,1989,54.9
Cameroon,1990,54.9
Cameroon,1991,54.7
Cameroon,1992,54.5
Cameroon,1993,54.1
Cameroon,1994,53.5
Cameroon,1995,53.2
Cameroon,1996,52.8
Cameroon,1997,52.7
Cameroon,1998,52.6
Cameroon,1999,52.7
Cameroon,2000,52.9
Cameroon,2001,53.1
Cameroon,2002,53.4
Cameroon,2003,53.9
Cameroon,2004,54.2
Cameroon,2005,54.4
Cameroon,2006,54.9
Cameroon,2007,55.2
Cameroon,2008,55.7
Cameroon,2009,56.1
Cameroon,2010,56.6
Cameroon,2011,57.1
Cameroon,2012,57.8
Cameroon,2013,58.5
Cameroon,2014,58.9
Cameroon,2015,59.7
Cameroon,2016,60.2
Cameroon,2017,60.8
Cameroon,2018,61.2
Cameroon,2019,61.6
Cameroon,2020,60.8
Cameroon,2021,60.3
Central African Republic,1950,35.4
Central African Republic,1951,35.6
Central African Republic,1952,36.0
Central African Republic,1953,36.4
Central African Republic,1954,36.8
Central African Republic,1955,37.2
Central African Republic,1956,37.6
Central African Republic,1957,38.0
Central African Republic,1958,38.4
Central African Republic,1959,38.7
Central African Republic,1960,39.2
Central African Republic,1961,39.7
Central African Republic,1962,40.3
Central African Republic,1963,40.8
Central African Republic,1964,41.3
Central African Republic,1965,41.9
Central African Republic,1966,42.5
Central African Republic,1967,43.2
Central African Republic,1968,43.8
Central African Republic,1969,44.4
Central African Republic,1970,45.1
Central African Republic,1971,45.7
Central African Republic,1972,46.3
Central African Republic,1973,46.9
Central African Republic,1974,47.4
Central African Republic,1975,47.9
Central African Republic,1976,48.4
Central African Republic,1977,48.8
Central African Republic,1978,49.2
Central African Republic,1979,49.6
Central African Republic,1980,49.9
Central African Republic,1981,50.2
Central African Republic,1982,50.3
Central African Republic,1983,50.4
Central African Republic,1984,50.5
Central African Republic,1985,50.5
Central African Republic,1986,50.5
Central African Republic,1987,50.4
Central African Republic,1988,50.2
Central African Republic,1989,50.0
Central African Republic,1990,49.6
Central African Republic,1991,49.3
Central African Republic,1992,48.8
Central African Republic,1993,48.4
Central African Republic,1994,47.9
Central African Republic,1995,47.4
Central African Republic,1996,46.8
Central African Republic,1997,46.3
Central African Republic,1998,46.0
Central African Republic,1999,45.8
Central African Republic,2000,45.4
Central African Republic,2001,45.4
Central African Republic,2002,45.4
Central African Republic,2003,45.8
Central African Republic,2004,46.0
Central African Republic,2005,46.4
Central African Republic,2006,46.9
Central African Republic,2007,47.4
Central African Republic,2008,48.0
Central African Republic,2009,48.6
Central African Republic,2010,49.3
Central African Republic,2011,49.9
Central African Republic,2012,50.7
Central African Republic,2013,50.9
Central African Republic,2014,50.6
Central African Republic,2015,52.8
Central African Republic,2016,53.5
Central African Republic,2017,53.7
Central African Republic,2018,54.4
Central African Republic,2019,55.0
Central African Republic,2020,54.6
Central African Republic,2021,53.9
Chad,1950,36.2
Chad,1951,36.3
Chad,1952,36.5
Chad,1953,36.8
Chad,1954,37.0
Chad,1955,37.2
Chad,1956,37.5
Chad,1957,37.7
Chad,1958,37.9
Chad,1959,38.2
Chad,1960,38.4
Chad,1961,38.6
Chad,1962,38.8
Chad,1963,39.1
Chad,1964,39.3
Chad,1965,39.1
Chad,1966,39.2
Chad,1967,39.5
Chad,1968,39.9
Chad,1969,40.3
Chad,1970,40.6
Chad,1971,40.2
Chad,1972,41.4
Chad,1973,41.8
Chad,1974,41.8
Chad,1975,41.9
Chad,1976,42.0
Chad,1977,42.3
Chad,1978,42.5
Chad,1979,42.8
Chad,1980,43.1
Chad,1981,43.3
Chad,1982,43.7
Chad,1983,44.2
Chad,1984,44.5
Chad,1985,45.0
Chad,1986,45.2
Chad,1987,42.8
Chad,1988,45.8
Chad,1989,45.9
Chad,1990,44.7
Chad,1991,45.9
Chad,1992,46.1
Chad,1993,46.3
Chad,1994,46.4
Chad,1995,46.7
Chad,1996,47.0
Chad,1997,47.2
Chad,1998,47.2
Chad,1999,47.4
Chad,2000,47.4
Chad,2001,47.8
Chad,2002,47.9
Chad,2003,48.2
Chad,2004,48.2
Chad,2005,48.3
Chad,2006,48.3
Chad,2007,48.8
Chad,2008,49.0
Chad,2009,49.2
Chad,2010,49.6
Chad,2011,50.0
Chad,2012,50.5
Chad,2013,50.8
Chad,2014,51.2
Chad,2015,51.6
Chad,2016,52.1
Chad,2017,52.3
Chad,2018,52.8
Chad,2019,53.3
Chad,2020,52.8
Chad,2021,52.5
Comoros,1950,36.5
Comoros,1951,33.4
Comoros,1952,37.0
Comoros,1953,37.3
Comoros,1954,37.6
Comoros,1955,38.0
Comoros,1956,38.3
Comoros,1957,38.7
Comoros,1958,39.0
Comoros,1959,39.3
Comoros,1960,39.7
Comoros,1961,40.1
Comoros,1962,40.6
Comoros,1963,40.9
Comoros,1964,41.2
Comoros,1965,41.7
Comoros,1966,42.1
Comoros,1967,42.8
Comoros,1968,43.5
Comoros,1969,44.2
Comoros,1970,44.9
Comoros,1971,45.6
Comoros,1972,46.3
Comoros,1973,46.9
Comoros,1974,47.5
Comoros,1975,46.6
Comoros,1976,48.5
Comoros,1977,49.0
Comoros,1978,49.7
Comoros,1979,50.3
Comoros,1980,50.8
Comoros,1981,51.3
Comoros,1982,51.9
Comoros,1983,52.3
Comoros,1984,52.9
Comoros,1985,53.5
Comoros,1986,54.0
Comoros,1987,54.4
Comoros,1988,54.9
Comoros,1989,55.2
Comoros,1990,55.8
Comoros,1991,56.2
Comoros,1992,56.7
Comoros,1993,57.3
Comoros,1994,57.7
Comoros,1995,58.0
Comoros,1996,58.3
Comoros,1997,58.4
Comoros,1998,58.4
Comoros,1999,58.8
Comoros,2000,58.8
Comoros,2001,59.2
Comoros,2002,59.1
Comoros,2003,59.3
Comoros,2004,59.5
Comoros,2005,59.6
Comoros,2006,59.9
Comoros,2007,60.1
Comoros,2008,60.5
Comoros,2009,60.8
Comoros,2010,61.1
Comoros,2011,61.5
Comoros,2012,61.8
Comoros,2013,62.2
Comoros,2014,62.5
Comoros,2015,62.9
Comoros,2016,63.2
Comoros,2017,63.6
Comoros,2018,63.9
Comoros,2019,64.1
Comoros,2020,64.2
Comoros,2021,63.4
Cote d'Ivoire,1950,32.1
Cote d'Ivoire,1951,32.4
Cote d'Ivoire,1952,32.9
Cote d'Ivoire,1953,33.5
Cote d'Ivoire,1954,34.1
Cote d'Ivoire,1955,34.7
Cote d'Ivoire,1956,35.4
Cote d'Ivoire,1957,36.1
Cote d'Ivoire,1958,36.8
Cote d'Ivoire,1959,37.4
Cote d'Ivoire,1960,38.1
Cote d'Ivoire,1961,38.7
Cote d'Ivoire,1962,39.4
Cote d'Ivoire,1963,40.0
Cote d'Ivoire,1964,40.6
Cote d'Ivoire,1965,41.2
Cote d'Ivoire,1966,41.8
Cote d'Ivoire,1967,42.4
Cote d'Ivoire,1968,43.0
Cote d'Ivoire,1969,43.6
Cote d'Ivoire,1970,44.3
Cote d'Ivoire,1971,45.0
Cote d'Ivoire,1972,45.7
Cote d'Ivoire,1973,46.6
Cote d'Ivoire,1974,47.5
Cote d'Ivoire,1975,48.3
Cote d'Ivoire,1976,49.3
Cote d'Ivoire,1977,50.2
Cote d'Ivoire,1978,50.9
Cote d'Ivoire,1979,51.7
Cote d'Ivoire,1980,52.3
Cote d'Ivoire,1981,52.7
Cote d'Ivoire,1982,52.9
Cote d'Ivoire,1983,53.2
Cote d'Ivoire,1984,53.0
Cote d'Ivoire,1985,53.2
Cote d'Ivoire,1986,53.2
Cote d'Ivoire,1987,53.2
Cote d'Ivoire,1988,53.0
Cote d'Ivoire,1989,52.9
Cote d'Ivoire,1990,52.6
Cote d'Ivoire,1991,52.3
Cote d'Ivoire,1992,52.1
Cote d'Ivoire,1993,51.9
Cote d'Ivoire,1994,51.7
Cote d'Ivoire,1995,51.6
Cote d'Ivoire,1996,51.5
Cote d'Ivoire,1997,51.4
Cote d'Ivoire,1998,51.1
Cote d'Ivoire,1999,51.0
Cote d'Ivoire,2000,50.8
Cote d'Ivoire,2001,50.8
Cote d'Ivoire,2002,50.9
Cote d'Ivoire,2003,51.0
Cote d'Ivoire,2004,51.4
Cote d'Ivoire,2005,51.8
Cote d'Ivoire,2006,52.4
Cote d'Ivoire,2007,53.0
Cote d'Ivoire,2008,53.7
Cote d'Ivoire,2009,54.4
Cote d'Ivoire,2010,55.0
Cote d'Ivoire,2011,55.5
Cote d'Ivoire,2012,56.2
Cote d'Ivoire,2013,56.7
Cote d'Ivoire,2014,57.2
Cote d'Ivoire,2015,57.8
Cote d'Ivoire,2016,58.1
Cote d'Ivoire,2017,58.5
Cote d'Ivoire,2018,58.8
Cote d'Ivoire,2019,59.3
Cote d'Ivoire,2020,59.0
Cote d'Ivoire,2021,58.6
Democratic Republic of Congo,1950,38.3
Democratic Republic of Congo,1951,38.4
Democratic Republic of Congo,1952,38.8
Democratic Republic of Congo,1953,39.1
Democratic Republic of Congo,1954,39.5
Democratic Republic of Congo,1955,39.7
Democratic Republic of Congo,1956,40.0
Democratic Republic of Congo,1957,40.3
Democratic Republic of Congo,1958,40.5
Democratic Republic of Congo,1959,40.6
Democratic Republic of Congo,1960,40.9
Democratic Republic of Congo,1961,40.2
Democratic Republic of Congo,1962,40.3
Democratic Republic of Congo,1963,40.6
Democratic Republic of Congo,1964,40.1
Democratic Republic of Congo,1965,40.7
Democratic Republic of Congo,1966,42.1
Democratic Republic of Congo,1967,42.3
Democratic Republic of Congo,1968,42.7
Democratic Republic of Congo,1969,43.0
Democratic Republic of Congo,1970,43.3
Democratic Republic of Congo,1971,43.7
Democratic Republic of Congo,1972,43.9
Democratic Republic of Congo,1973,44.1
Democratic Republic of Congo,1974,44.4
Democratic Republic of Congo,1975,44.5
Democratic Republic of Congo,1976,44.7
Democratic Republic of Congo,1977,44.8
Democratic Republic of Congo,1978,44.5
Democratic Republic of Congo,1979,45.2
Democratic Republic of Congo,1980,45.5
Democratic Republic of Congo,1981,45.7
Democratic Republic of Congo,1982,45.9
Democratic Republic of Congo,1983,46.2
Democratic Republic of Congo,1984,46.4
Democratic Republic of Congo,1985,46.6
Democratic Republic of Congo,1986,46.9
Democratic Republic of Congo,1987,47.3
Democratic Republic of Congo,1988,47.8
Democratic Republic of Congo,1989,48.2
Democratic Republic of Congo,1990,48.6
Democratic Republic of Congo,1991,48.9
Democratic Republic of Congo,1992,49.2
Democratic Republic of Congo,1993,49.6
Democratic Republic of Congo,1994,49.9
Democratic Republic of Congo,1995,50.4
Democratic Republic of Congo,1996,49.3
Democratic Republic of Congo,1997,50.4
Democratic Republic of Congo,1998,49.7
Democratic Republic of Congo,1999,49.9
Democratic Republic of Congo,2000,51.8
Democratic Republic of Congo,2001,52.1
Democratic Republic of Congo,2002,52.3
Democratic Republic of Congo,2003,52.8
Democratic Republic of Congo,2004,53.4
Democratic Republic of Congo,2005,53.9
Democratic Republic of Congo,2006,54.5
Democratic Republic of Congo,2007,54.9
Democratic Republic of Congo,2008,55.3
Democratic Republic of Congo,2009,55.8
Democratic Republic of Congo,2010,56.4
Democratic Republic of Congo,2011,57.1
Democratic Republic of Congo,2012,57.2
Democratic Republic of Congo,2013,57.8
Democratic Republic of Congo,2014,58.3
Democratic Republic of Congo,2015,58.5
Democratic Republic of Congo,2016,59.1
Democratic Republic of Congo,2017,59.4
Democratic Republic of Congo,2018,59.9
Democratic Republic of Congo,2019,60.3
Democratic Republic of Congo,2020,59.7
Democratic Republic of Congo,2021,59.2
Djibouti,1950,40.6
Djibouti,1951,40.8
Djibouti,1952,41.0
Djibouti,1953,41.3
Djibouti,1954,41.6
Djibouti,1955,41.8
Djibouti,1956,42.1
Djibouti,1957,42.4
Djibouti,1958,42.7
Djibouti,1959,43.0
Djibouti,1960,43.4
Djibouti,1961,43.7
Djibouti,1962,44.1
Djibouti,1963,44.4
Djibouti,1964,44.7
Djibouti,1965,45.1
Djibouti,1966,45.5
Djibouti,1967,45.9
Djibouti,1968,46.4
Djibouti,1969,47.0
Djibouti,1970,47.5
Djibouti,1971,47.4
Djibouti,1972,48.5
Djibouti,1973,49.1
Djibouti,1974,49.5
Djibouti,1975,49.9
Djibouti,1976,50.1
Djibouti,1977,50.6
Djibouti,1978,51.0
Djibouti,1979,51.5
Djibouti,1980,51.9
Djibouti,1981,52.3
Djibouti,1982,52.8
Djibouti,1983,53.2
Djibouti,1984,53.7
Djibouti,1985,54.1
Djibouti,1986,54.5
Djibouti,1987,54.8
Djibouti,1988,55.2
Djibouti,1989,55.3
Djibouti,1990,55.5
Djibouti,1991,55.2
Djibouti,1992,54.5
Djibouti,1993,55.8
Djibouti,1994,55.5
Djibouti,1995,56.3
Djibouti,1996,56.2
Djibouti,1997,56.0
Djibouti,1998,56.2
Djibouti,1999,56.4
Djibouti,2000,56.6
Djibouti,2001,56.9
Djibouti,2002,57.2
Djibouti,2003,57.6
Djibouti,2004,57.8
Djibouti,2005,58.3
Djibouti,2006,58.7
Djibouti,2007,59.0
Djibouti,2008,59.4
Djibouti,2009,59.7
Djibouti,2010,60.3
Djibouti,2011,60.4
Djibouti,2012,60.8
Djibouti,2013,61.2
Djibouti,2014,61.6
Djibouti,2015,62.0
Djibouti,2016,62.2
Djibouti,2017,62.8
Djibouti,2018,63.0
Djibouti,2019,63.1
Djibouti,2020,62.7
Djibouti,2021,62.3
Equatorial Guinea,1950,39.3
Equatorial Guinea,1951,39.4
Equatorial Guinea,1952,39.7
Equatorial Guinea,1953,39.9
Equatorial Guinea,1954,40.2
Equatorial Guinea,1955,40.5
Equatorial Guinea,1956,40.7
Equatorial Guinea,1957,41.0
Equatorial Guinea,1958,41.2
Equatorial Guinea,1959,41.5
Equatorial Guinea,1960,41.7
Equatorial Guinea,1961,42.0
Equatorial Guinea,1962,42.3
Equatorial Guinea,1963,42.5
Equatorial Guinea,1964,42.7
Equatorial Guinea,1965,43.1
Equatorial Guinea,1966,43.3
Equatorial Guinea,1967,43.5
Equatorial Guinea,1968,43.7
Equatorial Guinea,1969,30.1
Equatorial Guinea,1970,30.2
Equatorial Guinea,1971,36.3
Equatorial Guinea,1972,43.3
Equatorial Guinea,1973,43.5
Equatorial Guinea,1974,40.2
Equatorial Guinea,1975,35.8
Equatorial Guinea,1976,28.9
Equatorial Guinea,1977,40.5
Equatorial Guinea,1978,40.8
Equatorial Guinea,1979,41.7
Equatorial Guinea,1980,47.6
Equatorial Guinea,1981,48.1
Equatorial Guinea,1982,48.6
Equatorial Guinea,1983,49.0
Equatorial Guinea,1984,49.2
Equatorial Guinea,1985,49.7
Equatorial Guinea,1986,50.0
Equatorial Guinea,1987,50.3
Equatorial Guinea,1988,50.5
Equatorial Guinea,1989,50.7
Equatorial Guinea,1990,50.9
Equatorial Guinea,1991,51.0
Equatorial Guinea,1992,51.1
Equatorial Guinea,1993,51.3
Equatorial Guinea,1994,51.4
Equatorial Guinea,1995,51.6
Equatorial Guinea,1996,51.7
Equatorial Guinea,1997,52.1
Equatorial Guinea,1998,52.4
Equatorial Guinea,1999,52.8
Equatorial Guinea,2000,53.2
Equatorial Guinea,2001,53.6
Equatorial Guinea,2002,54.1
Equatorial Guinea,2003,54.6
Equatorial Guinea,2004,55.0
Equatorial Guinea,2005,55.5
Equatorial Guinea,2006,56.0
Equatorial Guinea,2007,56.5
Equatorial Guinea,2008,57.1
Equatorial Guinea,2009,57.4
Equatorial Guinea,2010,57.9
Equatorial Guinea,2011,58.4
Equatorial Guinea,2012,58.9
Equatorial Guinea,2013,59.2
Equatorial Guinea,2014,59.6
Equatorial Guinea,2015,60.1
Equatorial Guinea,2016,60.5
Equatorial Guinea,2017,60.8
Equatorial Guinea,2018,61.2
Equatorial Guinea,2019,61.6
Equatorial Guinea,2020,60.7
Equatorial Guinea,2021,60.6
Eritrea,1950,33.4
Eritrea,1951,33.6
Eritrea,1952,33.9
Eritrea,1953,34.2
Eritrea,1954,34.7
Eritrea,1955,35.0
Eritrea,1956,35.4
Eritrea,1957,36.0
Eritrea,1958,36.4
Eritrea,1959,36.9
Eritrea,1960,37.5
Eritrea,1961,38.0
Eritrea,1962,38.4
Eritrea,1963,38.8
Eritrea,1964,39.2
Eritrea,1965,39.6
Eritrea,1966,39.9
Eritrea,1967,40.1
Eritrea,1968,40.4
Eritrea,1969,40.7
Eritrea,1970,41.1
Eritrea,1971,41.5
Eritrea,1972,41.8
Eritrea,1973,42.3
Eritrea,1974,42.2
Eritrea,1975,42.2
Eritrea,1976,42.7
Eritrea,1977,43.2
Eritrea,1978,43.6
Eritrea,1979,44.0
Eritrea,1980,44.6
Eritrea,1981,44.9
Eritrea,1982,44.9
Eritrea,1983,45.3
Eritrea,1984,45.8
Eritrea,1985,46.1
Eritrea,1986,47.1
Eritrea,1987,47.3
Eritrea,1988,48.0
Eritrea,1989,47.8
Eritrea,1990,49.8
Eritrea,1991,50.6
Eritrea,1992,52.5
Eritrea,1993,53.2
Eritrea,1994,54.1
Eritrea,1995,54.9
Eritrea,1996,55.8
Eritrea,1997,56.3
Eritrea,1998,49.2
Eritrea,1999,43.4
Eritrea,2000,56.1
Eritrea,2001,58.3
Eritrea,2002,58.8
Eritrea,2003,59.4
Eritrea,2004,59.9
Eritrea,2005,60.6
Eritrea,2006,61.6
Eritrea,2007,62.1
Eritrea,2008,62.6
Eritrea,2009,63.3
Eritrea,2010,63.8
Eritrea,2011,64.4
Eritrea,2012,64.8
Eritrea,2013,65.1
Eritrea,2014,65.6
Eritrea,2015,66.0
Eritrea,2016,66.3
Eritrea,2017,66.6
Eritrea,2018,67.1
Eritrea,2019,67.3
Eritrea,2020,67.1
Eritrea,2021,66.5
Eswatini,1950,43.0
Eswatini,1951,43.3
Eswatini,1952,43.6
Eswatini,1953,43.8
Eswatini,1954,44.2
Eswatini,1955,44.4
Eswatini,1956,44.6
Eswatini,1957,44.9
Eswatini,1958,45.2
Eswatini,1959,45.6
Eswatini,1960,45.8
Eswatini,1961,46.2
Eswatini,1962,46.6
Eswatini,1963,46.9
Eswatini,1964,47.3
Eswatini,1965,47.9
Eswatini,1966,48.6
Eswatini,1967,49.1
Eswatini,1968,49.7
Eswatini,1969,50.3
Eswatini,1970,50.8
Eswatini,1971,51.3
Eswatini,1972,51.8
Eswatini,1973,52.5
Eswatini,1974,53.1
Eswatini,1975,53.8
Eswatini,1976,54.7
Eswatini,1977,55.6
Eswatini,1978,56.5
Eswatini,1979,57.3
Eswatini,1980,57.8
Eswatini,1981,58.4
Eswatini,1982,59.0
Eswatini,1983,58.2
Eswatini,1984,60.0
Eswatini,1985,60.8
Eswatini,1986,61.4
Eswatini,1987,62.0
Eswatini,1988,62.7
Eswatini,1989,62.9
Eswatini,1990,63.1
Eswatini,1991,62.7
Eswatini,1992,61.7
Eswatini,1993,60.2
Eswatini,1994,58.3
Eswatini,1995,56.1
Eswatini,1996,53.9
Eswatini,1997,52.0
Eswatini,1998,50.3
Eswatini,1999,48.7
Eswatini,2000,47.3
Eswatini,2001,46.0
Eswatini,2002,44.5
Eswatini,2003,43.3
Eswatini,2004,42.5
Eswatini,2005,42.1
Eswatini,2006,43.1
Eswatini,2007,43.6
Eswatini,2008,44.2
Eswatini,2009,44.6
Eswatini,2010,46.6
Eswatini,2011,48.2
Eswatini,2012,49.8
Eswatini,2013,51.5
Eswatini,2014,53.0
Eswatini,2015,55.0
Eswatini,2016,56.7
Eswatini,2017,57.9
Eswatini,2018,59.4
Eswatini,2019,60.5
Eswatini,2020,59.7
Eswatini,2021,57.1
Ethiopia,1950,36.4
Ethiopia,1951,36.6
Ethiopia,1952,36.8
Ethiopia,1953,37.2
Ethiopia,1954,37.5
Ethiopia,1955,38.0
Ethiopia,1956,38.3
Ethiopia,1957,32.4
Ethiopia,1958,32.9
Ethiopia,1959,39.9
Ethiopia,1960,40.3
Ethiopia,1961,41.0
Ethiopia,1962,41.4
Ethiopia,1963,42.0
Ethiopia,1964,42.3
Ethiopia,1965,42.4
Ethiopia,1966,40.2
Ethiopia,1967,42.7
Ethiopia,1968,42.8
Ethiopia,1969,42.8
Ethiopia,1970,42.8
Ethiopia,1971,42.9
Ethiopia,1972,41.6
Ethiopia,1973,41.6
Ethiopia,1974,39.5
Ethiopia,1975,39.4
Ethiopia,1976,41.9
Ethiopia,1977,41.9
Ethiopia,1978,41.9
Ethiopia,1979,42.8
Ethiopia,1980,43.2
Ethiopia,1981,43.6
Ethiopia,1982,43.8
Ethiopia,1983,36.0
Ethiopia,1984,36.4
Ethiopia,1985,37.4
Ethiopia,1986,37.8
Ethiopia,1987,45.4
Ethiopia,1988,45.1
Ethiopia,1989,45.0
Ethiopia,1990,44.6
Ethiopia,1991,46.1
Ethiopia,1992,46.9
Ethiopia,1993,47.4
Ethiopia,1994,47.9
Ethiopia,1995,48.3
Ethiopia,1996,48.9
Ethiopia,1997,49.5
Ethiopia,1998,49.9
Ethiopia,1999,49.4
Ethiopia,2000,50.5
Ethiopia,2001,51.0
Ethiopia,2002,51.5
Ethiopia,2003,52.5
Ethiopia,2004,53.2
Ethiopia,2005,54.0
Ethiopia,2006,55.1
Ethiopia,2007,56.4
Ethiopia,2008,57.6
Ethiopia,2009,58.8
Ethiopia,2010,59.7
Ethiopia,2011,60.7
Ethiopia,2012,61.5
Ethiopia,2013,62.4
Ethiopia,2014,62.9
Ethiopia,2015,63.6
Ethiopia,2016,64.4
Ethiopia,2017,64.8
Ethiopia,2018,65.4
Ethiopia,2019,65.8
Ethiopia,2020,65.4
Ethiopia,2021,65.0
Gambia,1950,31.8
Gambia,1951,31.9
Gambia,1952,32.1
Gambia,1953,32.4
Gambia,1954,32.7
Gambia,1955,32.9
Gambia,1956,33.0
Gambia,1957,33.5
Gambia,1958,34.1
Gambia,1959,34.6
Gambia,1960,35.1
Gambia,1961,35.6
Gambia,1962,36.0
Gambia,1963,36.5
Gambia,1964,36.9
Gambia,1965,37.4
Gambia,1966,37.9
Gambia,1967,38.4
Gambia,1968,38.9
Gambia,1969,39.3
Gambia,1970,39.9
Gambia,1971,40.3
Gambia,1972,40.9
Gambia,1973,41.4
Gambia,1974,42.0
Gambia,1975,42.4
Gambia,1976,43.0
Gambia,1977,43.4
Gambia,1978,43.6
Gambia,1979,44.6
Gambia,1980,45.2
Gambia,1981,44.5
Gambia,1982,46.4
Gambia,1983,46.9
Gambia,1984,47.5
Gambia,1985,48.2
Gambia,1986,48.7
Gambia,1987,49.4
Gambia,1988,50.1
Gambia,1989,50.6
Gambia,1990,51.3
Gambia,1991,52.1
Gambia,1992,52.9
Gambia,1993,53.7
Gambia,1994,54.7
Gambia,1995,55.5
Gambia,1996,56.0
Gambia,1997,56.1
Gambia,1998,56.6
Gambia,1999,56.8
Gambia,2000,56.9
Gambia,2001,57.0
Gambia,2002,57.1
Gambia,2003,57.6
Gambia,2004,58.1
Gambia,2005,58.4
Gambia,2006,59.1
Gambia,2007,59.4
Gambia,2008,60.1
Gambia,2009,60.4
Gambia,2010,60.7
Gambia,2011,61.5
Gambia,2012,62.1
Gambia,2013,62.1
Gambia,2014,62.3
Gambia,2015,62.5
Gambia,2016,63.0
Gambia,2017,63.0
Gambia,2018,63.0
Gambia,2019,63.8
Gambia,2020,62.6
Gambia,2021,62.1
Guinea,1950,35.5
Guinea,1951,35.6
Guinea,1952,35.6
Guinea,1953,35.7
Guinea,1954,35.7
Guinea,1955,35.9
Guinea,1956,36.0
Guinea,1957,36.1
Guinea,1958,36.3
Guinea,1959,36.4
Guinea,1960,36.5
Guinea,1961,36.7
Guinea,1962,36.9
Guinea,1963,37.2
Guinea,1964,37.3
Guinea,1965,37.6
Guinea,1966,37.8
Guinea,1967,38.1
Guinea,1968,38.6
Guinea,1969,38.7
Guinea,1970,39.0
Guinea,1971,39.3
Guinea,1972,39.7
Guinea,1973,39.9
Guinea,1974,40.1
Guinea,1975,40.6
Guinea,1976,41.0
Guinea,1977,41.4
Guinea,1978,41.9
Guinea,1979,42.4
Guinea,1980,42.9
Guinea,1981,43.3
Guinea,1982,43.9
Guinea,1983,44.4
Guinea,1984,44.9
Guinea,1985,45.5
Guinea,1986,45.9
Guinea,1987,46.4
Guinea,1988,46.6
Guinea,1989,46.8
Guinea,1990,47.0
Guinea,1991,47.5
Guinea,1992,48.4
Guinea,1993,49.0
Guinea,1994,49.2
Guinea,1995,49.9
Guinea,1996,50.5
Guinea,1997,51.4
Guinea,1998,52.0
Guinea,1999,52.4
Guinea,2000,52.5
Guinea,2001,52.7
Guinea,2002,53.3
Guinea,2003,53.7
Guinea,2004,54.1
Guinea,2005,54.6
Guinea,2006,55.1
Guinea,2007,55.6
Guinea,2008,56.0
Guinea,2009,56.3
Guinea,2010,56.7
Guinea,2011,57.0
Guinea,2012,57.4
Guinea,2013,57.8
Guinea,2014,57.9
Guinea,2015,58.1
Guinea,2016,58.8
Guinea,2017,59.1
Guinea,2018,59.3
Guinea,2019,59.7
Guinea,2020,59.3
Guinea,2021,58.9
Guinea-Bissau,1950,35.6
Guinea-Bissau,1951,35.7
Guinea-Bissau,1952,35.9
Guinea-Bissau,1953,36.1
Guinea-Bissau,1954,36.3
Guinea-Bissau,1955,36.5
Guinea-Bissau,1956,36.7
Guinea-Bissau,1957,36.8
Guinea-Bissau,1958,37.1
Guinea-Bissau,1959,37.3
Guinea-Bissau,1960,37.5
Guinea-Bissau,1961,37.7
Guinea-Bissau,1962,37.9
Guinea-Bissau,1963,35.7
Guinea-Bissau,1964,36.0
Guinea-Bissau,1965,36.4
Guinea-Bissau,1966,36.7
Guinea-Bissau,1967,37.0
Guinea-Bissau,1968,37.4
Guinea-Bissau,1969,37.7
Guinea-Bissau,1970,38.0
Guinea-Bissau,1971,38.4
Guinea-Bissau,1972,38.7
Guinea-Bissau,1973,39.0
Guinea-Bissau,1974,41.8
Guinea-Bissau,1975,42.1
Guinea-Bissau,1976,42.4
Guinea-Bissau,1977,42.7
Guinea-Bissau,1978,43.0
Guinea-Bissau,1979,43.4
Guinea-Bissau,1980,43.8
Guinea-Bissau,1981,44.1
Guinea-Bissau,1982,44.4
Guinea-Bissau,1983,44.6
Guinea-Bissau,1984,44.8
Guinea-Bissau,1985,45.1
Guinea-Bissau,1986,45.4
Guinea-Bissau,1987,45.8
Guinea-Bissau,1988,46.3
Guinea-Bissau,1989,46.7
Guinea-Bissau,1990,47.1
Guinea-Bissau,1991,47.5
Guinea-Bissau,1992,47.9
Guinea-Bissau,1993,48.2
Guinea-Bissau,1994,48.2
Guinea-Bissau,1995,49.0
Guinea-Bissau,1996,49.1
Guinea-Bissau,1997,48.0
Guinea-Bissau,1998,47.7
Guinea-Bissau,1999,48.0
Guinea-Bissau,2000,50.1
Guinea-Bissau,2001,50.4
Guinea-Bissau,2002,51.0
Guinea-Bissau,2003,51.4
Guinea-Bissau,2004,52.1
Guinea-Bissau,2005,52.2
Guinea-Bissau,2006,53.4
Guinea-Bissau,2007,54.2
Guinea-Bissau,2008,54.6
Guinea-Bissau,2009,55.5
Guinea-Bissau,2010,56.2
Guinea-Bissau,2011,57.0
Guinea-Bissau,2012,57.7
Guinea-Bissau,2013,58.2
Guinea-Bissau,2014,58.6
Guinea-Bissau,2015,59.1
Guinea-Bissau,2016,59.7
Guinea-Bissau,2017,60.1
Guinea-Bissau,2018,60.5
Guinea-Bissau,2019,60.9
Guinea-Bissau,2020,60.0
Guinea-Bissau,2021,59.7
Haiti,1950,37.5
Haiti,1951,37.9
Haiti,1952,38.8
Haiti,1953,39.7
Haiti,1954,40.3
Haiti,1955,41.3
Haiti,1956,42.0
Haiti,1957,42.4
Haiti,1958,42.8
Haiti,1959,43.1
Haiti,1960,43.5
Haiti,1961,43.9
Haiti,1962,44.3
Haiti,1963,42.8
Haiti,1964,45.0
Haiti,1965,45.4
Haiti,1966,45.6
Haiti,1967,46.1
Haiti,1968,46.5
Haiti,1969,46.9
Haiti,1970,47.3
Haiti,1971,47.7
Haiti,1972,47.9
Haiti,1973,48.2
Haiti,1974,48.4
Haiti,1975,48.7
Haiti,1976,49.0
Haiti,1977,49.2
Haiti,1978,49.4
Haiti,1979,49.7
Haiti,1980,49.9
Haiti,1981,50.3
Haiti,1982,50.6
Haiti,1983,50.9
Haiti,1984,51.1
Haiti,1985,51.5
Haiti,1986,51.9
Haiti,1987,52.2
Haiti,1988,52.6
Haiti,1989,52.8
Haiti,1990,53.0
Haiti,1991,53.4
Haiti,1992,53.8
Haiti,1993,54.4
Haiti,1994,54.7
Haiti,1995,55.5
Haiti,1996,56.2
Haiti,1997,56.5
Haiti,1998,57.1
Haiti,1999,58.0
Haiti,2000,58.4
Haiti,2001,58.5
Haiti,2002,58.9
Haiti,2003,59.5
Haiti,2004,58.5
Haiti,2005,60.4
Haiti,2006,60.8
Haiti,2007,61.1
Haiti,2008,61.3
Haiti,2009,61.7
Haiti,2010,46.0
Haiti,2011,61.6
Haiti,2012,62.3
Haiti,2013,62.6
Haiti,2014,63.0
Haiti,2015,63.2
Haiti,2016,63.4
Haiti,2017,63.9
Haiti,2018,64.0
Haiti,2019,64.3
Haiti,2020,64.1
Haiti,2021,63.2
Laos,1950,38.7
Laos,1951,38.7
Laos,1952,39.0
Laos,1953,39.4
Laos,1954,39.7
Laos,1955,40.0
Laos,1956,40.3
Laos,1957,40.5
Laos,1958,40.8
Laos,1959,40.4
Laos,1960,40.8
Laos,1961,41.1
Laos,1962,42.0
Laos,1963,41.3
Laos,1964,41.6
Laos,1965,42.1
Laos,1966,42.1
Laos,1967,42.6
Laos,1968,43.0
Laos,1969,43.2
Laos,1970,43.6
Laos,1971,44.0
Laos,1972,44.2
Laos,1973,44.5
Laos,1974,45.5
Laos,1975,45.9
Laos,1976,45.6
Laos,1977,46.0
Laos,1978,46.2
Laos,1979,47.0
Laos,1980,48.1
Laos,1981,48.7
Laos,1982,49.4
Laos,1983,50.0
Laos,1984,50.5
Laos,1985,51.1
Laos,1986,51.7
Laos,1987,52.2
Laos,1988,52.7
Laos,1989,53.3
Laos,1990,53.7
Laos,1991,54.5
Laos,1992,55.0
Laos,1993,55.4
Laos,1994,55.7
Laos,1995,56.4
Laos,1996,56.9
Laos,1997,57.3
Laos,1998,57.7
Laos,1999,57.9
Laos,2000,58.4
Laos,2001,59.1
Laos,2002,59.5
Laos,2003,60.0
Laos,2004,60.3
Laos,2005,61.0
Laos,2006,61.5
Laos,2007,62.1
Laos,2008,62.6
Laos,2009,63.3
Laos,2010,64.0
Laos,2011,64.7
Laos,2012,65.4
Laos,2013,65.7
Laos,2014,66.4
Laos,2015,66.7
Laos,2016,67.2
Laos,2017,67.4
Laos,2018,67.6
Laos,2019,68.1
Laos,2020,68.5
Laos,2021,68.1
Lesotho,1950,44.8
Lesotho,1951,45.2
Lesotho,1952,45.8
Lesotho,1953,46.6
Lesotho,1954,47.4
Lesotho,1955,48.1
Lesotho,1956,48.8
Lesotho,1957,49.4
Lesotho,1958,49.9
Lesotho,1959,50.1
Lesotho,1960,50.4
Lesotho,1961,50.4
Lesotho,1962,50.4
Lesotho,1963,50.3
Lesotho,1964,50.2
Lesotho,1965,50.1
Lesotho,1966,50.1
Lesotho,1967,50.2
Lesotho,1968,50.4
Lesotho,1969,50.7
Lesotho,1970,51.0
Lesotho,1971,51.3
Lesotho,1972,51.7
Lesotho,1973,52.1
Lesotho,1974,52.4
Lesotho,1975,53.0
Lesotho,1976,53.5
Lesotho,1977,54.0
Lesotho,1978,54.7
Lesotho,1979,55.3
Lesotho,1980,56.1
Lesotho,1981,56.9
Lesotho,1982,57.6
Lesotho,1983,58.1
Lesotho,1984,58.6
Lesotho,1985,59.1
Lesotho,1986,59.5
Lesotho,1987,59.5
Lesotho,1988,59.6
Lesotho,1989,59.5
Lesotho,1990,59.4
Lesotho,1991,59.2
Lesotho,1992,58.6
Lesotho,1993,58.0
Lesotho,1994,58.0
Lesotho,1995,56.7
Lesotho,1996,55.2
Lesotho,1997,53.6
Lesotho,1998,51.8
Lesotho,1999,50.1
Lesotho,2000,48.4
Lesotho,2001,46.8
Lesotho,2002,45.6
Lesotho,2003,44.5
Lesotho,2004,43.7
Lesotho,2005,43.2
Lesotho,2006,42.9
Lesotho,2007,43.1
Lesotho,2008,43.6
Lesotho,2009,44.0
Lesotho,2010,45.6
Lesotho,2011,46.7
Lesotho,2012,47.8
Lesotho,2013,49.0
Lesotho,2014,50.0
Lesotho,2015,51.1
Lesotho,2016,52.3
Lesotho,2017,53.1
Lesotho,2018,53.7
Lesotho,2019,54.2
Lesotho,2020,54.7
Lesotho,2021,53.1
Liberia,1950,38.5
Liberia,1951,38.6
Liberia,1952,38.7
Liberia,1953,38.8
Liberia,1954,39.0
Liberia,1955,38.8
Liberia,1956,38.8
Liberia,1957,38.7
Liberia,1958,38.5
Liberia,1959,38.4
Liberia,1960,38.3
Liberia,1961,38.3
Liberia,1962,38.4
Liberia,1963,38.5
Liberia,1964,38.6
Liberia,1965,38.8
Liberia,1966,39.1
Liberia,1967,39.4
Liberia,1968,39.8
Liberia,1969,40.2
Liberia,1970,40.6
Liberia,1971,40.9
Liberia,1972,41.5
Liberia,1973,41.9
Liberia,1974,42.4
Liberia,1975,42.8
Liberia,1976,43.2
Liberia,1977,43.6
Liberia,1978,44.0
Liberia,1979,44.3
Liberia,1980,44.6
Liberia,1981,45.0
Liberia,1982,45.2
Liberia,1983,45.4
Liberia,1984,45.4
Liberia,1985,44.7
Liberia,1986,45.0
Liberia,1987,44.5
Liberia,1988,44.0
Liberia,1989,43.5
Liberia,1990,36.7
Liberia,1991,42.8
Liberia,1992,42.7
Liberia,1993,42.2
Liberia,1994,41.8
Liberia,1995,43.9
Liberia,1996,44.4
Liberia,1997,47.8
Liberia,1998,48.9
Liberia,1999,50.0
Liberia,2000,51.4
Liberia,2001,52.8
Liberia,2002,53.8
Liberia,2003,53.0
Liberia,2004,56.0
Liberia,2005,56.9
Liberia,2006,57.6
Liberia,2007,58.3
Liberia,2008,58.8
Liberia,2009,59.2
Liberia,2010,59.4
Liberia,2011,59.6
Liberia,2012,59.9
Liberia,2013,59.9
Liberia,2014,59.1
Liberia,2015,59.1
Liberia,2016,60.4
Liberia,2017,60.6
Liberia,2018,60.9
Liberia,2019,61.1
Liberia,2020,60.9
Liberia,2021,60.7
Madagascar,1950,39.6
Madagascar,1951,39.9
Madagascar,1952,40.2
Madagascar,1953,40.6
Madagascar,1954,40.9
Madagascar,1955,41.3
Madagascar,1956,41.6
Madagascar,1957,42.0
Madagascar,1958,42.4
Madagascar,1959,42.8
Madagascar,1960,43.2
Madagascar,1961,43.6
Madagascar,1962,44.1
Madagascar,1963,44.4
Madagascar,1964,44.9
Madagascar,1965,45.2
Madagascar,1966,45.6
Madagascar,1967,46.0
Madagascar,1968,46.5
Madagascar,1969,47.0
Madagascar,1970,47.5
Madagascar,1971,47.9
Madagascar,1972,48.3
Madagascar,1973,48.8
Madagascar,1974,49.2
Madagascar,1975,49.5
Madagascar,1976,49.7
Madagascar,1977,49.8
Madagascar,1978,49.8
Madagascar,1979,49.9
Madagascar,1980,49.8
Madagascar,1981,49.7
Madagascar,1982,49.6
Madagascar,1983,49.6
Madagascar,1984,49.5
Madagascar,1985,49.6
Madagascar,1986,49.8
Madagascar,1987,50.2
Madagascar,1988,50.6
Madagascar,1989,51.1
Madagascar,1990,51.7
Madagascar,1991,52.4
Madagascar,1992,53.0
Madagascar,1993,53.9
Madagascar,1994,54.4
Madagascar,1995,55.0
Madagascar,1996,55.5
Madagascar,1997,56.2
Madagascar,1998,56.9
Madagascar,1999,57.4
Madagascar,2000,57.9
Madagascar,2001,58.6
Madagascar,2002,58.9
Madagascar,2003,59.5
Madagascar,2004,60.1
Madagascar,2005,60.6
Madagascar,2006,61.3
Madagascar,2007,61.8
Madagascar,2008,62.1
Madagascar,2009,62.7
Madagascar,2010,62.9
Madagascar,2011,63.5
Madagascar,2012,63.5
Madagascar,2013,64.0
Madagascar,2014,64.3
Madagascar,2015,64.3
Madagascar,2016,65.0
Madagascar,2017,65.1
Madagascar,2018,65.3
Madagascar,2019,65.9
Madagascar,2020,65.2
Madagascar,2021,64.5
Malawi,1950,32.7
Malawi,1951,32.8
Malawi,1952,32.9
Malawi,1953,33.1
Malawi,1954,33.4
Malawi,1955,33.8
Malawi,1956,34.2
Malawi,1957,34.5
Malawi,1958,34.8
Malawi,1959,35.0
Malawi,1960,35.2
Malawi,1961,35.3
Malawi,1962,35.7
Malawi,1963,35.6
Malawi,1964,35.7
Malawi,1965,35.7
Malawi,1966,35.9
Malawi,1967,35.9
Malawi,1968,36.0
Malawi,1969,36.3
Malawi,1970,36.7
Malawi,1971,37.2
Malawi,1972,37.9
Malawi,1973,38.5
Malawi,1974,39.3
Malawi,1975,40.2
Malawi,1976,41.2
Malawi,1977,42.2
Malawi,1978,43.3
Malawi,1979,44.3
Malawi,1980,45.1
Malawi,1981,45.7
Malawi,1982,46.0
Malawi,1983,46.0
Malawi,1984,45.6
Malawi,1985,44.9
Malawi,1986,44.3
Malawi,1987,43.8
Malawi,1988,43.4
Malawi,1989,43.3
Malawi,1990,43.3
Malawi,1991,43.3
Malawi,1992,43.4
Malawi,1993,43.4
Malawi,1994,43.6
Malawi,1995,43.6
Malawi,1996,43.4
Malawi,1997,43.1
Malawi,1998,42.8
Malawi,1999,43.6
Malawi,2000,44.5
Malawi,2001,45.9
Malawi,2002,47.2
Malawi,2003,48.8
Malawi,2004,50.5
Malawi,2005,52.0
Malawi,2006,53.2
Malawi,2007,53.9
Malawi,2008,54.6
Malawi,2009,55.4
Malawi,2010,56.4
Malawi,2011,57.5
Malawi,2012,58.7
Malawi,2013,59.7
Malawi,2014,60.9
Malawi,2015,61.4
Malawi,2016,62.2
Malawi,2017,63.0
Malawi,2018,63.3
Malawi,2019,64.1
Malawi,2020,63.7
Malawi,2021,62.9
Mali,1950,28.2
Mali,1951,28.3
Mali,1952,28.5
Mali,1953,28.8
Mali,1954,29.0
Mali,1955,29.1
Mali,1956,29.4
Mali,1957,29.5
Mali,1958,29.6
Mali,1959,29.7
Mali,1960,29.8
Mali,1961,29.8
Mali,1962,29.9
Mali,1963,30.2
Mali,1964,30.4
Mali,1965,30.6
Mali,1966,30.9
Mali,1967,31.2
Mali,1968,31.6
Mali,1969,32.0
Mali,1970,32.5
Mali,1971,32.9
Mali,1972,33.9
Mali,1973,34.6
Mali,1974,35.4
Mali,1975,36.2
Mali,1976,37.2
Mali,1977,38.1
Mali,1978,39.1
Mali,1979,40.0
Mali,1980,40.8
Mali,1981,41.2
Mali,1982,41.8
Mali,1983,42.1
Mali,1984,42.7
Mali,1985,43.2
Mali,1986,44.0
Mali,1987,44.7
Mali,1988,45.4
Mali,1989,45.9
Mali,1990,46.6
Mali,1991,47.2
Mali,1992,47.5
Mali,1993,47.7
Mali,1994,47.7
Mali,1995,47.8
Mali,1996,47.8
Mali,1997,48.5
Mali,1998,49.2
Mali,1999,49.8
Mali,2000,50.5
Mali,2001,51.3
Mali,2002,52.2
Mali,2003,52.9
Mali,2004,53.5
Mali,2005,54.0
Mali,2006,54.6
Mali,2007,54.9
Mali,2008,55.3
Mali,2009,55.9
Mali,2010,56.4
Mali,2011,56.8
Mali,2012,57.1
Mali,2013,57.4
Mali,2014,57.9
Mali,2015,58.4
Mali,2016,58.7
Mali,2017,59.1
Mali,2018,59.4
Mali,2019,59.7
Mali,2020,58.6
Mali,2021,58.9
Mozambique,1950,37.3
Mozambique,1951,37.5
Mozambique,1952,37.9
Mozambique,1953,38.3
Mozambique,1954,38.8
Mozambique,1955,39.2
Mozambique,1956,39.6
Mozambique,1957,40.0
Mozambique,1958,40.5
Mozambique,1959,40.9
Mozambique,1960,41.2
Mozambique,1961,41.6
Mozambique,1962,41.8
Mozambique,1963,41.9
Mozambique,1964,41.7
Mozambique,1965,41.7
Mozambique,1966,41.6
Mozambique,1967,41.7
Mozambique,1968,41.7
Mozambique,1969,41.7
Mozambique,1970,41.8
Mozambique,1971,41.7
Mozambique,1972,41.6
Mozambique,1973,41.7
Mozambique,1974,42.1
Mozambique,1975,42.6
Mozambique,1976,42.6
Mozambique,1977,42.7
Mozambique,1978,42.8
Mozambique,1979,42.7
Mozambique,1980,42.8
Mozambique,1981,40.5
Mozambique,1982,40.7
Mozambique,1983,40.8
Mozambique,1984,38.4
Mozambique,1985,38.7
Mozambique,1986,40.7
Mozambique,1987,40.8
Mozambique,1988,43.8
Mozambique,1989,44.1
Mozambique,1990,44.5
Mozambique,1991,44.7
Mozambique,1992,44.9
Mozambique,1993,45.4
Mozambique,1994,45.6
Mozambique,1995,46.0
Mozambique,1996,46.6
Mozambique,1997,47.4
Mozambique,1998,48.0
Mozambique,1999,48.8
Mozambique,2000,49.5
Mozambique,2001,50.1
Mozambique,2002,50.6
Mozambique,2003,50.9
Mozambique,2004,51.2
Mozambique,2005,51.6
Mozambique,2006,52.0
Mozambique,2007,52.6
Mozambique,2008,53.2
Mozambique,2009,53.8
Mozambique,2010,54.2
Mozambique,2011,54.9
Mozambique,2012,55.6
Mozambique,2013,56.5
Mozambique,2014,57.3
Mozambique,2015,58.2
Mozambique,2016,59.0
Mozambique,2017,59.8
Mozambique,2018,60.5
Mozambique,2019,61.2
Mozambique,2020,61.2
Mozambique,2021,59.3
Nepal,1950,37.7
Nepal,1951,37.7
Nepal,1952,37.8
Nepal,1953,37.9
Nepal,1954,37.9
Nepal,1955,38.0
Nepal,1956,38.1
Nepal,1957,38.1
Nepal,1958,38.2
Nepal,1959,38.4
Nepal,1960,38.6
Nepal,1961,38.9
Nepal,1962,39.2
Nepal,1963,39.5
Nepal,1964,40.0
Nepal,1965,40.4
Nepal,1966,40.9
Nepal,1967,41.4
Nepal,1968,41.8
Nepal,1969,42.3
Nepal,1970,42.8
Nepal,1971,43.3
Nepal,1972,43.7
Nepal,1973,44.0
Nepal,1974,44.5
Nepal,1975,45.0
Nepal,1976,45.5
Nepal,1977,46.0
Nepal,1978,46.7
Nepal,1979,47.3
Nepal,1980,47.9
Nepal,1981,48.4
Nepal,1982,48.9
Nepal,1983,49.4
Nepal,1984,50.2
Nepal,1985,50.9
Nepal,1986,51.5
Nepal,1987,52.5
Nepal,1988,53.1
Nepal,1989,54.1
Nepal,1990,54.8
Nepal,1991,55.7
Nepal,1992,56.7
Nepal,1993,57.6
Nepal,1994,58.6
Nepal,1995,59.3
Nepal,1996,60.0
Nepal,1997,60.8
Nepal,1998,61.5
Nepal,1999,62.1
Nepal,2000,62.6
Nepal,2001,63.3
Nepal,2002,63.3
Nepal,2003,64.2
Nepal,2004,64.8
Nepal,2005,65.5
Nepal,2006,65.9
Nepal,2007,66.3
Nepal,2008,66.4
Nepal,2009,66.8
Nepal,2010,66.8
Nepal,2011,67.3
Nepal,2012,67.5
Nepal,2013,68.0
Nepal,2014,68.1
Nepal,2015,67.5
Nepal,2016,68.8
Nepal,2017,68.9
Nepal,2018,69.0
Nepal,2019,69.6
Nepal,2020,69.2
Nepal,2021,68.4
Niger,1950,36.3
Niger,1951,36.2
Niger,1952,36.2
Niger,1953,36.1
Niger,1954,36.2
Niger,1955,36.2
Niger,1956,36.3
Niger,1957,36.3
Niger,1958,36.3
Niger,1959,36.3
Niger,1960,36.4
Niger,1961,36.6
Niger,1962,36.6
Niger,1963,36.7
Niger,1964,36.7
Niger,1965,36.8
Niger,1966,36.8
Niger,1967,36.8
Niger,1968,36.6
Niger,1969,36.4
Niger,1970,36.1
Niger,1971,35.3
Niger,1972,35.6
Niger,1973,35.7
Niger,1974,36.0
Niger,1975,36.6
Niger,1976,37.0
Niger,1977,37.6
Niger,1978,38.5
Niger,1979,39.2
Niger,1980,39.7
Niger,1981,40.2
Niger,1982,40.3
Niger,1983,40.4
Niger,1984,40.1
Niger,1985,40.0
Niger,1986,40.1
Niger,1987,40.4
Niger,1988,40.8
Niger,1989,41.2
Niger,1990,41.9
Niger,1991,42.2
Niger,1992,42.9
Niger,1993,43.8
Niger,1994,44.7
Niger,1995,45.8
Niger,1996,46.7
Niger,1997,47.5
Niger,1998,48.2
Niger,1999,48.7
Niger,2000,49.3
Niger,2001,49.8
Niger,2002,50.6
Niger,2003,51.4
Niger,2004,52.6
Niger,2005,53.6
Niger,2006,54.6
Niger,2007,55.6
Niger,2008,56.5
Niger,2009,57.4
Niger,2010,58.4
Niger,2011,59.0
Niger,2012,59.6
Niger,2013,60.2
Niger,2014,60.8
Niger,2015,61.1
Niger,2016,61.6
Niger,2017,62.2
Niger,2018,62.5
Niger,2019,62.9
Niger,2020,61.5
Niger,2021,61.6
Nigeria,1950,35.8
Nigeria,1951,35.9
Nigeria,1952,36.1
Nigeria,1953,36.3
Nigeria,1954,36.4
Nigeria,1955,36.7
Nigeria,1956,36.7
Nigeria,1957,36.9
Nigeria,1958,37.0
Nigeria,1959,37.2
Nigeria,1960,37.4
Nigeria,1961,37.7
Nigeria,1962,37.8
Nigeria,1963,38.2
Nigeria,1964,38.4
Nigeria,1965,38.7
Nigeria,1966,38.8
Nigeria,1967,37.6
Nigeria,1968,38.5
Nigeria,1969,38.7
Nigeria,1970,39.7
Nigeria,1971,40.5
Nigeria,1972,41.3
Nigeria,1973,42.0
Nigeria,1974,42.8
Nigeria,1975,43.7
Nigeria,1976,44.7
Nigeria,1977,45.6
Nigeria,1978,46.0
Nigeria,1979,46.2
Nigeria,1980,46.3
Nigeria,1981,46.5
Nigeria,1982,46.5
Nigeria,1983,46.6
Nigeria,1984,46.6
Nigeria,1985,46.3
Nigeria,1986,46.0
Nigeria,1987,46.0
Nigeria,1988,46.1
Nigeria,1989,46.2
Nigeria,1990,46.0
Nigeria,1991,45.7
Nigeria,1992,45.7
Nigeria,1993,45.8
Nigeria,1994,45.5
Nigeria,1995,45.5
Nigeria,1996,45.6
Nigeria,1997,45.8
Nigeria,1998,46.0
Nigeria,1999,46.6
Nigeria,2000,47.2
Nigeria,2001,47.6
Nigeria,2002,47.9
Nigeria,2003,48.4
Nigeria,2004,48.8
Nigeria,2005,49.3
Nigeria,2006,49.7
Nigeria,2007,50.0
Nigeria,2008,50.2
Nigeria,2009,50.7
Nigeria,2010,50.9
Nigeria,2011,51.4
Nigeria,2012,51.5
Nigeria,2013,51.7
Nigeria,2014,51.8
Nigeria,2015,51.8
Nigeria,2016,52.0
Nigeria,2017,52.3
Nigeria,2018,52.6
Nigeria,2019,52.9
Nigeria,2020,52.9
Nigeria,2021,52.7
Rwanda,1950,43.3
Rwanda,1951,43.4
Rwanda,1952,43.7
Rwanda,1953,43.9
Rwanda,1954,44.0
Rwanda,1955,44.3
Rwanda,1956,44.4
Rwanda,1957,45.2
Rwanda,1958,45.9
Rwanda,1959,46.6
Rwanda,1960,47.2
Rwanda,1961,47.7
Rwanda,1962,48.0
Rwanda,1963,44.1
Rwanda,1964,48.2
Rwanda,1965,48.3
Rwanda,1966,48.2
Rwanda,1967,48.1
Rwanda,1968,47.7
Rwanda,1969,47.4
Rwanda,1970,47.2
Rwanda,1971,46.8
Rwanda,1972,46.5
Rwanda,1973,45.9
Rwanda,1974,45.3
Rwanda,1975,44.7
Rwanda,1976,44.6
Rwanda,1977,44.8
Rwanda,1978,45.5
Rwanda,1979,46.7
Rwanda,1980,48.0
Rwanda,1981,49.4
Rwanda,1982,50.7
Rwanda,1983,51.3
Rwanda,1984,51.6
Rwanda,1985,51.7
Rwanda,1986,51.6
Rwanda,1987,51.5
Rwanda,1988,51.0
Rwanda,1989,50.2
Rwanda,1990,48.4
Rwanda,1991,46.5
Rwanda,1992,44.3
Rwanda,1993,42.2
Rwanda,1994,14.1
Rwanda,1995,40.0
Rwanda,1996,40.7
Rwanda,1997,40.6
Rwanda,1998,41.7
Rwanda,1999,44.6
Rwanda,2000,47.1
Rwanda,2001,49.0
Rwanda,2002,51.0
Rwanda,2003,53.4
Rwanda,2004,55.5
Rwanda,2005,57.3
Rwanda,2006,58.7
Rwanda,2007,60.0
Rwanda,2008,61.1
Rwanda,2009,62.0
Rwanda,2010,62.5
Rwanda,2011,63.3
Rwanda,2012,64.0
Rwanda,2013,64.4
Rwanda,2014,64.9
Rwanda,2015,65.3
Rwanda,2016,65.7
Rwanda,2017,65.9
Rwanda,2018,66.3
Rwanda,2019,66.4
Rwanda,2020,66.8
Rwanda,2021,66.1
Senegal,1950,36.4
Senegal,1951,36.9
Senegal,1952,37.4
Senegal,1953,37.8
Senegal,1954,38.2
Senegal,1955,38.6
Senegal,1956,39.0
Senegal,1957,39.4
Senegal,1958,39.5
Senegal,1959,39.7
Senegal,1960,39.9
Senegal,1961,39.9
Senegal,1962,39.9
Senegal,1963,39.9
Senegal,1964,39.9
Senegal,1965,39.8
Senegal,1966,40.0
Senegal,1967,40.1
Senegal,1968,40.3
Senegal,1969,40.5
Senegal,1970,40.8
Senegal,1971,41.2
Senegal,1972,41.8
Senegal,1973,42.6
Senegal,1974,43.2
Senegal,1975,44.1
Senegal,1976,45.1
Senegal,1977,46.2
Senegal,1978,47.2
Senegal,1979,48.2
Senegal,1980,49.1
Senegal,1981,49.8
Senegal,1982,50.6
Senegal,1983,51.2
Senegal,1984,52.0
Senegal,1985,52.8
Senegal,1986,53.9
Senegal,1987,54.8
Senegal,1988,55.8
Senegal,1989,56.4
Senegal,1990,56.9
Senegal,1991,57.1
Senegal,1992,57.1
Senegal,1993,57.0
Senegal,1994,57.0
Senegal,1995,56.8
Senegal,1996,56.7
Senegal,1997,56.6
Senegal,1998,56.4
Senegal,1999,56.6
Senegal,2000,56.9
Senegal,2001,57.6
Senegal,2002,58.2
Senegal,2003,59.1
Senegal,2004,60.0
Senegal,2005,60.9
Senegal,2006,61.8
Senegal,2007,62.5
Senegal,2008,63.2
Senegal,2009,63.9
Senegal,2010,64.6
Senegal,2011,65.3
Senegal,2012,65.5
Senegal,2013,66.1
Senegal,2014,66.5
Senegal,2015,66.9
Senegal,2016,67.5
Senegal,2017,67.8
Senegal,2018,68.1
Senegal,2019,68.5
Senegal,2020,68.0
Senegal,2021,67.1
Sierra Leone,1950,29.6
Sierra Leone,1951,29.8
Sierra Leone,1952,30.3
Sierra Leone,1953,30.9
Sierra Leone,1954,31.3
Sierra Leone,1955,31.8
Sierra Leone,1956,32.2
Sierra Leone,1957,32.6
Sierra Leone,1958,33.0
Sierra Leone,1959,33.5
Sierra Leone,1960,34.0
Sierra Leone,1961,34.4
Sierra Leone,1962,34.9
Sierra Leone,1963,35.3
Sierra Leone,1964,35.9
Sierra Leone,1965,36.4
Sierra Leone,1966,36.9
Sierra Leone,1967,37.4
Sierra Leone,1968,37.8
Sierra Leone,1969,38.2
Sierra Leone,1970,38.8
Sierra Leone,1971,39.3
Sierra Leone,1972,39.8
Sierra Leone,1973,40.2
Sierra Leone,1974,40.7
Sierra Leone,1975,41.2
Sierra Leone,1976,41.6
Sierra Leone,1977,42.1
Sierra Leone,1978,42.5
Sierra Leone,1979,42.9
Sierra Leone,1980,43.1
Sierra Leone,1981,43.4
Sierra Leone,1982,43.6
Sierra Leone,1983,43.8
Sierra Leone,1984,43.9
Sierra Leone,1985,43.9
Sierra Leone,1986,43.8
Sierra Leone,1987,44.0
Sierra Leone,1988,44.0
Sierra Leone,1989,44.0
Sierra Leone,1990,44.1
Sierra Leone,1991,43.5
Sierra Leone,1992,43.6
Sierra Leone,1993,43.6
Sierra Leone,1994,42.9
Sierra Leone,1995,42.7
Sierra Leone,1996,43.7
Sierra Leone,1997,43.7
Sierra Leone,1998,42.8
Sierra Leone,1999,42.1
Sierra Leone,2000,45.1
Sierra Leone,2001,45.7
Sierra Leone,2002,46.4
Sierra Leone,2003,47.0
Sierra Leone,2004,47.6
Sierra Leone,2005,48.2
Sierra Leone,2006,49.3
Sierra Leone,2007,50.4
Sierra Leone,2008,51.5
Sierra Leone,2009,52.6
Sierra Leone,2010,53.7
Sierra Leone,2011,54.6
Sierra Leone,2012,55.5
Sierra Leone,2013,56.3
Sierra Leone,2014,56.4
Sierra Leone,2015,57.2
Sierra Leone,2016,58.4
Sierra Leone,2017,58.7
Sierra Leone,2018,59.8
Sierra Leone,2019,60.3
Sierra Leone,2020,59.8
Sierra Leone,2021,60.1
Somalia,1950,41.4
Somalia,1951,41.5
Somalia,1952,41.7
Somalia,1953,42.0
Somalia,1954,42.2
Somalia,1955,42.4
Somalia,1956,42.6
Somalia,1957,42.8
Somalia,1958,43.0
Somalia,1959,43.2
Somalia,1960,43.5
Somalia,1961,43.6
Somalia,1962,43.9
Somalia,1963,44.1
Somalia,1964,44.3
Somalia,1965,44.5
Somalia,1966,44.8
Somalia,1967,45.0
Somalia,1968,45.2
Somalia,1969,45.4
Somalia,1970,45.6
Somalia,1971,45.7
Somalia,1972,45.9
Somalia,1973,46.1
Somalia,1974,43.8
Somalia,1975,44.2
Somalia,1976,44.6
Somalia,1977,46.9
Somalia,1978,47.0
Somalia,1979,47.3
Somalia,1980,47.5
Somalia,1981,47.7
Somalia,1982,47.8
Somalia,1983,48.2
Somalia,1984,48.5
Somalia,1985,48.3
Somalia,1986,48.4
Somalia,1987,48.9
Somalia,1988,43.8
Somalia,1989,46.7
Somalia,1990,47.1
Somalia,1991,26.6
Somalia,1992,27.3
Somalia,1993,50.6
Somalia,1994,50.3
Somalia,1995,50.6
Somalia,1996,50.4
Somalia,1997,50.2
Somalia,1998,50.7
Somalia,1999,50.5
Somalia,2000,50.7
Somalia,2001,50.7
Somalia,2002,50.7
Somalia,2003,50.6
Somalia,2004,50.5
Somalia,2005,50.7
Somalia,2006,50.6
Somalia,2007,50.5
Somalia,2008,51.1
Somalia,2009,51.9
Somalia,2010,50.6
Somalia,2011,51.3
Somalia,2012,53.2
Somalia,2013,53.8
Somalia,2014,54.3
Somalia,2015,54.9
Somalia,2016,55.0
Somalia,2017,55.7
Somalia,2018,56.4
Somalia,2019,57.1
Somalia,2020,56.0
Somalia,2021,55.3
South Sudan,1950,31.2
South Sudan,1951,31.5
South Sudan,1952,32.0
South Sudan,1953,32.5
South Sudan,1954,32.9
South Sudan,1955,33.2
South Sudan,1956,32.5
South Sudan,1957,31.7
South Sudan,1958,28.2
South Sudan,1959,28.4
South Sudan,1960,28.7
South Sudan,1961,28.8
South Sudan,1962,29.1
South Sudan,1963,28.8
South Sudan,1964,33.1
South Sudan,1965,29.3
South Sudan,1966,26.1
South Sudan,1967,26.4
South Sudan,1968,26.7
South Sudan,1969,26.1
South Sudan,1970,26.4
South Sudan,1971,31.6
South Sudan,1972,31.9
South Sudan,1973,36.5
South Sudan,1974,36.5
South Sudan,1975,36.7
South Sudan,1976,36.8
South Sudan,1977,37.3
South Sudan,1978,37.6
South Sudan,1979,37.9
South Sudan,1980,38.4
South Sudan,1981,38.8
South Sudan,1982,39.1
South Sudan,1983,35.5
South Sudan,1984,32.7
South Sudan,1985,33.2
South Sudan,1986,33.6
South Sudan,1987,21.9
South Sudan,1988,12.4
South Sudan,1989,29.7
South Sudan,1990,29.9
South Sudan,1991,30.1
South Sudan,1992,22.7
South Sudan,1993,22.7
South Sudan,1994,44.4
South Sudan,1995,30.9
South Sudan,1996,31.3
South Sudan,1997,32.2
South Sudan,1998,18.4
South Sudan,1999,43.2
South Sudan,2000,46.0
South Sudan,2001,46.9
South Sudan,2002,47.5
South Sudan,2003,50.3
South Sudan,2004,50.9
South Sudan,2005,51.5
South Sudan,2006,52.0
South Sudan,2007,52.9
South Sudan,2008,53.5
South Sudan,2009,53.9
South Sudan,2010,54.8
South Sudan,2011,54.9
South Sudan,2012,55.9
South Sudan,2013,55.8
South Sudan,2014,55.0
South Sudan,2015,55.6
South Sudan,2016,55.5
South Sudan,2017,55.3
South Sudan,2018,55.9
South Sudan,2019,55.9
South Sudan,2020,55.5
South Sudan,2021,55.0
Sudan,1950,46.8
Sudan,1951,47.0
Sudan,1952,47.6
Sudan,1953,47.9
Sudan,1954,48.3
Sudan,1955,48.7
Sudan,1956,48.6
Sudan,1957,48.1
Sudan,1958,45.8
Sudan,1959,46.3
Sudan,1960,46.6
Sudan,1961,47.0
Sudan,1962,47.4
Sudan,1963,46.2
Sudan,1964,49.5
Sudan,1965,46.9
Sudan,1966,44.6
Sudan,1967,45.1
Sudan,1968,45.5
Sudan,1969,45.1
Sudan,1970,45.5
Sudan,1971,49.6
Sudan,1972,49.9
Sudan,1973,53.1
Sudan,1974,53.2
Sudan,1975,53.4
Sudan,1976,53.5
Sudan,1977,53.6
Sudan,1978,53.4
Sudan,1979,53.6
Sudan,1980,53.9
Sudan,1981,54.1
Sudan,1982,54.3
Sudan,1983,47.5
Sudan,1984,46.2
Sudan,1985,46.5
Sudan,1986,51.5
Sudan,1987,43.4
Sudan,1988,35.9
Sudan,1989,49.3
Sudan,1990,49.7
Sudan,1991,50.2
Sudan,1992,45.9
Sudan,1993,46.6
Sudan,1994,56.6
Sudan,1995,52.0
Sudan,1996,52.3
Sudan,1997,52.8
Sudan,1998,48.8
Sudan,1999,57.0
Sudan,2000,58.3
Sudan,2001,58.6
Sudan,2002,59.0
Sudan,2003,58.2
Sudan,2004,56.8
Sudan,2005,57.3
Sudan,2006,60.3
Sudan,2007,61.3
Sudan,2008,61.2
Sudan,2009,62.6
Sudan,2010,63.0
Sudan,2011,63.2
Sudan,2012,63.8
Sudan,2013,63.7
Sudan,2014,64.3
Sudan,2015,64.7
Sudan,2016,64.8
Sudan,2017,65.4
Sudan,2018,65.7
Sudan,2019,65.9
Sudan,2020,65.6
Sudan,2021,65.3
Tanzania,1950,41.3
Tanzania,1951,41.5
Tanzania,1952,41.7
Tanzania,1953,41.8
Tanzania,1954,42.0
Tanzania,1955,42.2
Tanzania,1956,42.3
Tanzania,1957,42.5
Tanzania,1958,42.7
Tanzania,1959,42.8
Tanzania,1960,42.9
Tanzania,1961,43.1
Tanzania,1962,43.3
Tanzania,1963,43.5
Tanzania,1964,43.7
Tanzania,1965,44.0
Tanzania,1966,44.4
Tanzania,1967,44.8
Tanzania,1968,45.4
Tanzania,1969,46.0
Tanzania,1970,46.4
Tanzania,1971,46.9
Tanzania,1972,47.3
Tanzania,1973,48.0
Tanzania,1974,48.3
Tanzania,1975,48.7
Tanzania,1976,49.2
Tanzania,1977,49.8
Tanzania,1978,50.3
Tanzania,1979,50.9
Tanzania,1980,51.2
Tanzania,1981,51.5
Tanzania,1982,51.5
Tanzania,1983,51.5
Tanzania,1984,51.5
Tanzania,1985,51.6
Tanzania,1986,51.7
Tanzania,1987,51.7
Tanzania,1988,51.8
Tanzania,1989,51.7
Tanzania,1990,51.5
Tanzania,1991,51.3
Tanzania,1992,51.0
Tanzania,1993,50.9
Tanzania,1994,50.8
Tanzania,1995,50.8
Tanzania,1996,50.7
Tanzania,1997,50.6
Tanzania,1998,50.9
Tanzania,1999,51.7
Tanzania,2000,52.4
Tanzania,2001,53.2
Tanzania,2002,53.9
Tanzania,2003,54.9
Tanzania,2004,55.6
Tanzania,2005,56.3
Tanzania,2006,56.9
Tanzania,2007,57.5
Tanzania,2008,58.1
Tanzania,2009,58.9
Tanzania,2010,60.1
Tanzania,2011,61.0
Tanzania,2012,62.0
Tanzania,2013,63.0
Tanzania,2014,63.9
Tanzania,2015,64.7
Tanzania,2016,65.4
Tanzania,2017,66.0
Tanzania,2018,66.5
Tanzania,2019,67.0
Tanzania,2020,66.4
Tanzania,2021,66.2
Timor,1950,29.0
Timor,1951,29.3
Timor,1952,29.6
Timor,1953,29.9
Timor,1954,30.2
Timor,1955,30.5
Timor,1956,30.8
Timor,1957,31.1
Timor,1958,31.4
Timor,1959,31.7
Timor,1960,32.2
Timor,1961,32.6
Timor,1962,33.0
Timor,1963,33.3
Timor,1964,33.6
Timor,1965,34.4
Timor,1966,35.0
Timor,1967,35.7
Timor,1968,36.2
Timor,1969,36.7
Timor,1970,37.2
Timor,1971,37.7
Timor,1972,38.3
Timor,1973,39.0
Timor,1974,36.9
Timor,1975,24.8
Timor,1976,26.0
Timor,1977,24.4
Timor,1978,21.8
Timor,1979,22.5
Timor,1980,28.4
Timor,1981,29.6
Timor,1982,30.8
Timor,1983,31.6
Timor,1984,33.8
Timor,1985,33.8
Timor,1986,34.3
Timor,1987,35.6
Timor,1988,35.8
Timor,1989,44.6
Timor,1990,45.0
Timor,1991,45.0
Timor,1992,46.3
Timor,1993,47.3
Timor,1994,48.3
Timor,1995,48.0
Timor,1996,48.8
Timor,1997,49.5
Timor,1998,49.1
Timor,1999,45.7
Timor,2000,58.6
Timor,2001,59.4
Timor,2002,60.1
Timor,2003,60.9
Timor,2004,61.6
Timor,2005,62.3
Timor,2006,63.1
Timor,2007,63.7
Timor,2008,64.3
Timor,2009,64.9
Timor,2010,65.3
Timor,2011,65.7
Timor,2012,66.1
Timor,2013,66.4
Timor,2014,66.8
Timor,2015,67.1
Timor,2016,67.4
Timor,2017,67.7
Timor,2018,68.0
Timor,2019,68.3
Timor,2020,68.5
Timor,2021,67.7
Togo,1950,40.9
Togo,1951,41.0
Togo,1952,41.2
Togo,1953,41.4
Togo,1954,41.5
Togo,1955,41.6
Togo,1956,41.8
Togo,1957,42.0
Togo,1958,42.2
Togo,1959,42.4
Togo,1960,42.7
Togo,1961,42.9
Togo,1962,43.2
Togo,1963,43.4
Togo,1964,43.7
Togo,1965,44.0
Togo,1966,44.4
Togo,1967,44.8
Togo,1968,45.3
Togo,1969,45.7
Togo,1970,46.1
Togo,1971,46.6
Togo,1972,47.1
Togo,1973,47.6
Togo,1974,48.1
Togo,1975,48.7
Togo,1976,49.3
Togo,1977,49.8
Togo,1978,50.2
Togo,1979,50.8
Togo,1980,51.2
Togo,1981,51.8
Togo,1982,52.3
Togo,1983,52.6
Togo,1984,53.1
Togo,1985,53.4
Togo,1986,53.7
Togo,1987,54.1
Togo,1988,54.3
Togo,1989,54.4
Togo,1990,54.4
Togo,1991,54.3
Togo,1992,54.3
Togo,1993,54.2
Togo,1994,54.0
Togo,1995,54.0
Togo,1996,54.1
Togo,1997,54.2
Togo,1998,54.2
Togo,1999,54.5
Togo,2000,54.7
Togo,2001,54.9
Togo,2002,55.3
Togo,2003,55.6
Togo,2004,55.6
Togo,2005,56.0
Togo,2006,56.2
Togo,2007,56.5
Togo,2008,56.7
Togo,2009,57.0
Togo,2010,57.3
Togo,2011,57.9
Togo,2012,58.1
Togo,2013,58.7
Togo,2014,58.9
Togo,2015,59.4
Togo,2016,59.6
Togo,2017,60.2
Togo,2018,60.2
Togo,2019,60.9
Togo,2020,61.0
Togo,2021,61.6
Uganda,1950,39.3
Uganda,1951,39.6
Uganda,1952,40.1
Uganda,1953,40.6
Uganda,1954,41.1
Uganda,1955,41.7
Uganda,1956,42.3
Uganda,1957,43.1
Uganda,1958,43.9
Uganda,1959,44.7
Uganda,1960,45.5
Uganda,1961,46.3
Uganda,1962,47.0
Uganda,1963,47.4
Uganda,1964,47.9
Uganda,1965,48.2
Uganda,1966,48.3
Uganda,1967,49.0
Uganda,1968,49.2
Uganda,1969,49.5
Uganda,1970,49.6
Uganda,1971,46.9
Uganda,1972,47.0
Uganda,1973,46.8
Uganda,1974,46.6
Uganda,1975,46.3
Uganda,1976,45.9
Uganda,1977,45.5
Uganda,1978,45.2
Uganda,1979,45.0
Uganda,1980,42.9
Uganda,1981,43.1
Uganda,1982,43.2
Uganda,1983,43.5
Uganda,1984,43.8
Uganda,1985,45.4
Uganda,1986,45.3
Uganda,1987,46.6
Uganda,1988,46.7
Uganda,1989,46.5
Uganda,1990,46.4
Uganda,1991,46.3
Uganda,1992,46.4
Uganda,1993,46.2
Uganda,1994,46.4
Uganda,1995,46.6
Uganda,1996,46.7
Uganda,1997,47.0
Uganda,1998,47.2
Uganda,1999,47.8
Uganda,2000,48.3
Uganda,2001,49.0
Uganda,2002,49.6
Uganda,2003,50.4
Uganda,2004,51.5
Uganda,2005,53.0
Uganda,2006,54.4
Uganda,2007,55.2
Uganda,2008,55.8
Uganda,2009,56.5
Uganda,2010,57.1
Uganda,2011,58.0
Uganda,2012,58.8
Uganda,2013,59.8
Uganda,2014,60.4
Uganda,2015,61.1
Uganda,2016,61.6
Uganda,2017,62.1
Uganda,2018,62.7
Uganda,2019,63.0
Uganda,2020,62.9
Uganda,2021,62.7
Western Sahara,1950,34.9
Western Sahara,1951,35.1
Western Sahara,1952,35.5
Western Sahara,1953,35.9
Western Sahara,1954,36.3
Western Sahara,1955,36.6
Western Sahara,1956,37.0
Western Sahara,1957,37.4
Western Sahara,1958,37.8
Western Sahara,1959,38.2
Western Sahara,1960,38.6
Western Sahara,1961,38.9
Western Sahara,1962,39.3
Western Sahara,1963,39.7
Western Sahara,1964,40.0
Western Sahara,1965,40.4
Western Sahara,1966,40.8
Western Sahara,1967,41.1
Western Sahara,1968,41.4
Western Sahara,1969,41.8
Western Sahara,1970,42.1
Western Sahara,1971,42.6
Western Sahara,1972,43.1
Western Sahara,1973,43.8
Western Sahara,1974,44.6
Western Sahara,1975,36.5
Western Sahara,1976,38.5
Western Sahara,1977,40.5
Western Sahara,1978,42.4
Western Sahara,1979,40.1
Western Sahara,1980,41.8
Western Sahara,1981,45.7
Western Sahara,1982,46.6
Western Sahara,1983,47.5
Western Sahara,1984,48.4
Western Sahara,1985,49.3
Western Sahara,1986,50.1
Western Sahara,1987,50.6
Western Sahara,1988,53.3
Western Sahara,1989,53.0
Western Sahara,1990,57.8
Western Sahara,1991,58.3
Western Sahara,1992,58.7
Western Sahara,1993,59.2
Western Sahara,1994,59.7
Western Sahara,1995,60.1
Western Sahara,1996,60.6
Western Sahara,1997,61.1
Western Sahara,1998,61.6
Western Sahara,1999,62.2
Western Sahara,2000,62.7
Western Sahara,2001,63.2
Western Sahara,2002,63.7
Western Sahara,2003,64.2
Western Sahara,2004,64.7
Western Sahara,2005,65.2
Western Sahara,2006,65.6
Western Sahara,2007,66.1
Western Sahara,2008,66.5
Western Sahara,2009,67.0
Western Sahara,2010,67.5
Western Sahara,2011,67.9
Western Sahara,2012,68.3
Western Sahara,2013,68.7
Western Sahara,2014,69.0
Western Sahara,2015,69.3
Western Sahara,2016,69.6
Western Sahara,2017,69.9
Western Sahara,2018,70.1
Western Sahara,2019,70.3
Western Sahara,2020,70.5
Western Sahara,2021,70.8
Yemen,1950,31.7
Yemen,1951,31.7
Yemen,1952,31.8
Yemen,1953,31.9
Yemen,1954,32.0
Yemen,1955,32.2
Yemen,1956,32.3
Yemen,1957,32.4
Yemen,1958,32.8
Yemen,1959,33.2
Yemen,1960,33.7
Yemen,1961,34.1
Yemen,1962,33.6
Yemen,1963,33.2
Yemen,1964,34.7
Yemen,1965,35.4
Yemen,1966,36.1
Yemen,1967,36.9
Yemen,1968,37.8
Yemen,1969,39.5
Yemen,1970,40.5
Yemen,1971,41.5
Yemen,1972,42.5
Yemen,1973,43.3
Yemen,1974,44.3
Yemen,1975,45.2
Yemen,1976,46.2
Yemen,1977,47.3
Yemen,1978,48.4
Yemen,1979,49.4
Yemen,1980,50.7
Yemen,1981,51.7
Yemen,1982,52.4
Yemen,1983,53.9
Yemen,1984,54.9
Yemen,1985,55.7
Yemen,1986,53.8
Yemen,1987,57.1
Yemen,1988,57.8
Yemen,1989,58.2
Yemen,1990,58.7
Yemen,1991,59.0
Yemen,1992,59.4
Yemen,1993,59.9
Yemen,1994,59.7
Yemen,1995,60.5
Yemen,1996,60.6
Yemen,1997,61.1
Yemen,1998,61.4
Yemen,1999,62.0
Yemen,2000,62.6
Yemen,2001,63.2
Yemen,2002,63.9
Yemen,2003,64.5
Yemen,2004,65.0
Yemen,2005,65.5
Yemen,2006,66.0
Yemen,2007,66.6
Yemen,2008,67.0
Yemen,2009,67.2
Yemen,2010,67.3
Yemen,2011,67.4
Yemen,2012,67.3
Yemen,2013,67.5
Yemen,2014,67.4
Yemen,2015,65.9
Yemen,2016,66.1
Yemen,2017,66.0
Yemen,2018,64.6
Yemen,2019,65.1
Yemen,2020,64.7
Yemen,2021,63.8
Zambia,1950,45.1
Zambia,1951,45.3
Zambia,1952,45.7
Zambia,1953,46.1
Zambia,1954,46.5
Zambia,1955,47.0
Zambia,1956,47.4
Zambia,1957,47.8
Zambia,1958,48.2
Zambia,1959,48.7
Zambia,1960,49.0
Zambia,1961,49.5
Zambia,1962,49.8
Zambia,1963,50.1
Zambia,1964,49.8
Zambia,1965,50.6
Zambia,1966,50.7
Zambia,1967,50.8
Zambia,1968,50.9
Zambia,1969,51.1
Zambia,1970,51.5
Zambia,1971,52.0
Zambia,1972,52.6
Zambia,1973,53.3
Zambia,1974,53.9
Zambia,1975,54.2
Zambia,1976,54.6
Zambia,1977,54.7
Zambia,1978,54.6
Zambia,1979,54.4
Zambia,1980,54.1
Zambia,1981,54.0
Zambia,1982,53.9
Zambia,1983,53.4
Zambia,1984,52.8
Zambia,1985,51.9
Zambia,1986,51.1
Zambia,1987,50.3
Zambia,1988,49.5
Zambia,1989,48.7
Zambia,1990,47.9
Zambia,1991,47.1
Zambia,1992,46.5
Zambia,1993,46.2
Zambia,1994,45.9
Zambia,1995,45.6
Zambia,1996,45.2
Zambia,1997,44.9
Zambia,1998,44.7
Zambia,1999,44.7
Zambia,2000,45.2
Zambia,2001,46.0
Zambia,2002,47.0
Zambia,2003,48.3
Zambia,2004,49.5
Zambia,2005,50.7
Zambia,2006,51.8
Zambia,2007,52.7
Zambia,2008,53.9
Zambia,2009,55.3
Zambia,2010,56.8
Zambia,2011,57.8
Zambia,2012,58.9
Zambia,2013,59.9
Zambia,2014,60.7
Zambia,2015,61.2
Zambia,2016,61.8
Zambia,2017,62.1
Zambia,2018,62.3
Zambia,2019,62.8
Zambia,2020,62.4
Zambia,2021,61.2
